fecha_pedido;servicio;id_cliente;id_producto;id_puerto_dest;cantidad;peso;id_pedido
06/02/2023;DTP;17;840;9;52742;30,40527421;2
06/02/2023;DTP;13;958;9;356;14,62970094;3
06/02/2023;DTP;29;854;9;610;76,76666667;4
06/02/2023;DTP;29;1015;9;71330;67,05889311;5
06/02/2023;DTP;29;1118;9;23601;12,92661822;6
06/02/2023;DTP;29;1118;9;79487;42,89799415;7
06/02/2023;DTP;29;1118;9;79472;49,19799415;8
06/02/2023;DTP;29;1118;9;8246;42,89799415;9
06/02/2023;DTP;29;817;9;904;36,48763002;10
06/02/2023;DTP;4;929;9;885;49,28;11
06/02/2023;DTP;29;1055;9;338;2,48;12
06/02/2023;DTP;29;963;9;813;16,90831022;13
06/02/2023;DTP;29;757;9;324;158,093611;14
06/02/2023;DTP;29;911;9;380;8,12;15
06/02/2023;DTP;29;816;9;9918;81,99495577;16
06/02/2023;DTP;29;816;9;3929;30,49810841;17
06/02/2023;DTP;29;816;9;2727;17,99873894;18
06/02/2023;DTP;29;816;9;17653;13,47408573;19
06/02/2023;DTP;29;1015;9;39842;43,46869631;21
06/02/2023;DTP;29;754;9;298;2,92;22
06/02/2023;DTP;29;747;9;2233;6,02;23
06/02/2023;DTP;12;953;9;2650;6,9;25
06/02/2023;DTD;48;770;9;3207;48,68;26
06/02/2023;DTD;48;956;9;1330;94,89330538;27
06/02/2023;DTD;48;770;9;3133;45,58;28
06/02/2023;DTD;48;956;9;2039;16,48221756;29
06/02/2023;DTP;22;989;9;441;13,15571686;46
06/02/2023;DTP;22;813;9;1040;31,44745448;47
06/02/2023;DTP;22;909;9;600;53,22326538;48
06/02/2023;DTP;22;909;9;289;0,270626773;49
06/02/2023;DTP;22;989;9;275;17,47619365;50
06/02/2023;DTP;22;813;9;515;89,37979074;51
06/02/2023;DTP;22;1160;9;327;5,7;52
06/02/2023;DTP;22;909;9;538;46,00655143;53
06/02/2023;DTP;22;1030;9;1116;12,54;54
06/02/2023;DTP;10;1136;9;310;0,188150846;65
06/02/2023;CRF;1;619;9;2079;345,12;66
06/02/2023;CRF;1;633;9;2285;32,8;67
06/02/2023;CRF;1;634;9;2331;61,2;68
06/02/2023;CRF;1;615;9;2974;524,16;69
06/02/2023;CRF;1;616;9;3931;777,24;70
06/02/2023;DTP;29;816;9;45295;35,82263552;71
06/02/2023;DTD;35;247;9;309;12,25286783;72
06/02/2023;DTP;18;797;9;348;10,97948174;73
06/02/2023;CRF;1;621;9;1151;181,7;74
06/02/2023;DTD;19;1019;9;270;0,746819158;75
06/02/2023;DTD;42;1068;9;762;17,88459681;76
06/02/2023;DTD;42;964;9;6297;90,44310345;77
06/02/2023;DTD;42;945;9;2298;33,11408935;78
06/02/2023;DTD;42;858;9;382;0,803929839;79
06/02/2023;DTD;42;1068;9;1295;3,5;80
06/02/2023;DTD;42;949;9;1262;37,18129314;81
06/02/2023;DTP;5;966;9;324;0,019798238;82
06/02/2023;DTP;5;966;9;258;0,019798238;83
06/02/2023;DTP;5;966;9;312;0,019798238;84
06/02/2023;DTP;22;856;9;337;0,200750264;85
06/02/2023;DTP;22;788;9;580;3,46;86
06/02/2023;DTP;22;856;9;547;25,99187625;87
06/02/2023;DTP;22;856;9;614;33,28228056;88
06/02/2023;DTP;22;1128;9;387;1046,508295;89
06/02/2023;DTP;22;948;9;2292;46,36129032;90
06/02/2023;DTP;22;1030;9;390;20,79042487;91
06/02/2023;DTP;22;788;9;350;0,327709185;92
06/02/2023;DTP;22;788;9;558;3,36;93
06/02/2023;DTP;22;788;9;286;0,409636481;94
06/02/2023;DTD;49;139;9;5268;248,092067;95
06/02/2023;DTP;29;1015;9;57328;57,06983684;96
06/02/2023;DTP;13;838;9;694;5,16;98
06/02/2023;DTP;13;836;9;724;4,16;99
06/02/2023;DTP;13;963;9;3237;7,22;100
06/02/2023;DTP;13;1068;9;456;0,715383872;101
06/02/2023;DTD;49;153;9;579;13,13138478;102
06/02/2023;DTP;17;954;9;5327;27,92414446;103
06/02/2023;DTP;19;1003;9;370;31,81701723;104
06/02/2023;DTD;34;876;9;12298;767,655808;105
06/02/2023;DTD;49;1297;9;606;71,87427647;106
06/02/2023;CRF;1;619;9;936;144,88;107
06/02/2023;CRF;1;615;9;1208;176,72;108
06/02/2023;CRF;1;616;9;2100;333,12;109
06/02/2023;CRF;1;619;9;529;37,68;110
06/02/2023;DTP;13;1232;9;302;0,916342347;111
06/02/2023;DTD;41;191;9;252;0,178064504;113
06/02/2023;DTD;41;188;9;296;0,062339814;114
06/02/2023;DTP;4;929;9;802;39,96;115
06/02/2023;DTD;42;1068;9;419;0,357691936;116
06/02/2023;DTD;44;267;9;307;19,20919275;122
06/02/2023;DTD;44;269;9;361;13,08408519;123
06/02/2023;DTD;44;268;9;348;17,31004426;124
06/02/2023;DTD;44;207;9;443;16,47732619;125
06/02/2023;DTD;44;198;9;314;0,17964;126
06/02/2023;DTD;44;241;9;746;40,03686519;127
06/02/2023;DTD;44;245;9;525;18,93653107;128
06/02/2023;DTD;44;246;9;320;74,22744597;129
06/02/2023;DTD;44;983;9;282;0,522702626;131
06/02/2023;DTD;44;191;9;488;17,80645037;132
06/02/2023;DTD;44;973;9;326;0,107033365;133
06/02/2023;DTD;44;266;9;314;0,686769715;134
06/02/2023;DTD;44;269;9;333;0,872272346;135
06/02/2023;DTD;44;245;9;649;31,07940903;136
06/02/2023;DTP;15;240;9;768;42,21704643;138
06/02/2023;DTP;15;240;9;780;48,21704643;139
06/02/2023;DTD;48;1068;9;2286;6,12;144
06/02/2023;DTD;48;1069;9;12255;16,94;145
06/02/2023;DTD;42;949;9;2300;6,02;146
06/02/2023;DTD;42;966;9;764;0,989911903;147
06/02/2023;DTD;35;265;9;294;16,07541759;148
06/02/2023;DTD;35;240;9;470;14,56511393;149
06/02/2023;DTP;8;731;9;334;20,00981354;150
06/02/2023;DTD;19;1104;9;1114;11,80760289;151
06/02/2023;DTD;19;1104;9;1586;19,21140433;152
06/02/2023;DTD;19;794;9;1116;82,37441009;153
06/02/2023;DTD;19;797;9;330;40,07510837;154
06/02/2023;DTD;19;797;9;1053;39,96531355;155
06/02/2023;DTD;19;906;9;403;15,79220117;156
06/02/2023;DTD;19;906;9;405;14,79479899;157
06/02/2023;DTD;19;797;9;285;14,82230036;158
06/02/2023;DTD;19;797;9;871;37,20108564;159
06/02/2023;DTD;19;989;9;419;94,37144573;160
06/02/2023;DTD;19;989;9;440;98,74049414;161
06/02/2023;DTD;19;1047;9;569;9,06;162
06/02/2023;DTD;19;907;9;361;14,83876538;163
06/02/2023;DTD;19;797;9;1494;67,85319718;164
06/02/2023;DTD;19;797;9;861;31,20108564;165
06/02/2023;DTD;19;906;9;349;14,79479899;166
06/02/2023;DTD;19;780;9;1109;32,32175123;167
06/02/2023;DTD;19;939;9;904;9,36;168
06/02/2023;DTD;19;732;9;490;945,674516;169
06/02/2023;DTD;19;934;9;731;45,44426481;170
06/02/2023;DTD;19;934;9;549;26,65152372;171
06/02/2023;DTD;19;1047;9;606;6,54;172
06/02/2023;DTD;19;906;9;463;30,58700016;173
06/02/2023;DTD;19;906;9;410;14,79479899;174
06/02/2023;DTD;19;989;9;444;98,74049414;175
06/02/2023;DTD;19;989;9;269;15,72857429;176
06/02/2023;DTD;19;907;9;528;40,75435563;177
06/02/2023;DTD;19;907;9;400;14,83876538;178
06/02/2023;DTD;19;939;9;851;8,08;179
06/02/2023;DTD;19;939;9;701;5,58;180
06/02/2023;DTD;19;939;9;375;13,18647526;181
06/02/2023;DTP;19;1004;9;1159;17,66548959;183
06/02/2023;DTD;19;776;9;1327;40,96305732;184
06/02/2023;DTD;19;934;9;585;30,63786274;185
06/02/2023;DTD;19;849;9;492;21,34;186
06/02/2023;DTD;19;163;9;691;41,28664676;187
06/02/2023;DTD;19;163;9;781;46,32;188
06/02/2023;DTD;19;906;9;950;1015,428104;189
06/02/2023;DTD;19;907;9;285;0,02089967;190
06/02/2023;DTD;19;907;9;1215;18,08458244;191
06/02/2023;DTD;19;780;9;440;47,95381173;192
06/02/2023;DTD;19;780;9;1146;35,32175123;193
06/02/2023;DTD;19;1104;9;1723;19,34600481;194
06/02/2023;DTD;19;939;9;1678;21,4;195
06/02/2023;DTD;19;939;9;815;8,02;196
06/02/2023;DTD;19;939;9;617;5,58;197
06/02/2023;DTD;19;989;9;251;0,436904841;198
06/02/2023;DTD;19;732;9;707;19,44065306;199
06/02/2023;DTD;19;732;9;378;42,98520527;200
06/02/2023;DTD;34;876;9;18316;10,51483712;201
06/02/2023;DTD;19;1016;9;292;12,87862903;202
06/02/2023;DTD;19;1016;9;333;18,30120968;203
06/02/2023;DTD;19;976;9;271;0,022723612;204
06/02/2023;DTD;19;849;9;329;64,63581489;205
06/02/2023;DTD;19;939;9;1464;18,35117808;206
06/02/2023;DTD;19;907;9;714;86,73362865;207
06/02/2023;DTD;19;992;9;383;79,20210939;208
06/02/2023;DTD;19;934;9;314;0,785878264;209
06/02/2023;DTD;19;849;9;342;8,5;210
06/02/2023;DTD;19;849;9;387;9,72;211
06/02/2023;DTD;19;976;9;581;6,68;212
06/02/2023;DTD;19;976;9;567;4,9;213
06/02/2023;DTD;19;976;9;382;3,18;214
06/02/2023;DTD;19;976;9;554;4,92;215
06/02/2023;DTD;19;976;9;600;7,14;217
06/02/2023;DTD;19;849;9;364;10;218
06/02/2023;DTD;19;992;9;480;15,60516809;219
06/02/2023;DTP;22;856;9;284;0,200750264;221
06/02/2023;DTD;48;956;9;3890;34,96443513;222
06/02/2023;DTP;12;237;9;316;0,109601868;223
06/02/2023;DTP;12;235;9;273;0,426408632;224
06/02/2023;DTP;12;246;9;259;0,092784307;225
06/02/2023;DTP;12;205;9;245;0,278243265;226
06/02/2023;DTP;12;202;9;248;0,327473684;227
06/02/2023;DTP;17;1050;9;7298;42,46038413;228
06/02/2023;DTP;17;1050;9;7290;42,46038413;229
06/02/2023;DTD;35;253;9;320;19,16870878;230
06/02/2023;DTD;19;1096;9;2286;89,27909588;231
06/02/2023;DTD;19;1095;9;984;34,41058415;232
06/02/2023;DTD;19;1095;9;966;34,41058415;233
06/02/2023;DTD;19;798;9;481;13,00038851;234
06/02/2023;DTD;19;1098;9;2274;14,14109179;235
06/02/2023;DTD;19;940;9;2002;186,217368;236
06/02/2023;DTD;19;1019;9;540;746,819158;237
06/02/2023;DTD;19;1098;9;1633;87,60727857;238
06/02/2023;DTD;19;910;9;377;22,62284392;239
06/02/2023;DTD;19;1095;9;971;34,41058415;240
06/02/2023;DTD;19;1095;9;920;34,41058415;241
06/02/2023;DTD;19;940;9;489;24,97899558;242
06/02/2023;DTD;19;1095;9;943;34,41058415;243
06/02/2023;DTD;19;1095;9;976;34,41058415;244
06/02/2023;DTD;19;1017;9;530;5334,8346;245
06/02/2023;DTD;19;1019;9;338;0,359579595;246
06/02/2023;DTD;19;1019;9;1001;20,74497661;247
06/02/2023;DTD;19;1019;9;346;0,663839252;248
06/02/2023;DTD;19;1019;9;273;0,746819158;249
06/02/2023;DTD;19;798;9;801;32,99577483;250
06/02/2023;DTD;19;1097;9;933;32,43892343;251
06/02/2023;DTD;19;940;9;3089;30,26110911;252
06/02/2023;DTD;19;1006;9;2175;36,54;253
06/02/2023;DTD;19;934;9;315;0,671982863;254
06/02/2023;DTD;19;163;9;277;29,32220904;255
06/02/2023;DTD;19;939;9;875;8,58;256
06/02/2023;DTD;19;732;9;288;0,515822463;257
06/02/2023;DTD;44;249;9;436;12,80123156;258
06/02/2023;DTP;17;977;9;60261;51,05452281;260
06/02/2023;DTP;16;842;9;299;6,52;261
06/02/2023;DTP;16;1108;9;748;27,94;262
06/02/2023;DTP;9;935;9;1094;76,31145458;263
06/02/2023;DTP;9;936;9;358;126,263843;264
06/02/2023;DTP;9;864;9;579;89,74339463;265
06/02/2023;DTP;9;753;9;411;1,74;266
06/02/2023;DTP;9;862;9;337;14,80791738;267
06/02/2023;DTP;9;728;9;3490;352,504478;268
06/02/2023;DTP;9;799;9;3546;24,62;269
06/02/2023;DTP;9;932;9;925;4,96;270
06/02/2023;DTP;9;936;9;625;3,62;271
06/02/2023;DTP;9;753;9;389;2,48;272
06/02/2023;DTP;9;862;9;463;5,28;273
06/02/2023;DTP;9;864;9;375;238,380892;274
06/02/2023;DTP;9;723;9;379;24,04983356;275
06/02/2023;DTP;9;1005;9;367;15,66218034;276
06/02/2023;DTP;9;735;9;366;0,900127149;277
06/02/2023;DTP;9;748;9;381;0,66396044;278
06/02/2023;DTP;9;1169;9;1981;5,94;279
06/02/2023;DTP;16;795;9;420;96,90879742;280
06/02/2023;DTP;16;795;9;823;54,04;281
06/02/2023;DTP;16;795;9;517;26,04;282
06/02/2023;DTP;16;774;9;1249;30,90538817;283
06/02/2023;DTP;16;842;9;290;6,52;284
06/02/2023;DTP;16;842;9;309;6,52;285
06/02/2023;DTP;16;793;9;323;53,16742707;286
06/02/2023;DTP;16;793;9;285;10,63348541;287
06/02/2023;DTP;16;842;9;343;11,8;288
06/02/2023;DTP;16;868;9;3455;23,82;289
06/02/2023;DTP;16;842;9;301;6,52;290
06/02/2023;DTP;16;842;9;417;12,76;291
06/02/2023;DTP;17;977;9;2771;19,60605117;292
06/02/2023;DTP;19;1003;9;602;5,82;293
06/02/2023;DTP;8;715;9;538;2,84;294
06/02/2023;DTP;16;932;9;283;0,088453698;295
06/02/2023;DTP;29;814;9;5658;59,30408442;296
06/02/2023;DTP;16;857;9;364;0,318657235;297
06/02/2023;DTP;16;856;9;384;10,56580335;298
06/02/2023;DTP;16;856;9;368;10,56580335;299
06/02/2023;DTP;16;856;9;413;16,27133716;300
06/02/2023;DTP;16;857;9;351;0,63731447;301
06/02/2023;DTP;16;842;9;790;62,98;302
06/02/2023;DTP;16;857;9;378;0,63731447;303
06/02/2023;DTP;16;856;9;303;0,665645611;304
06/02/2023;DTP;19;1005;9;2912;51,06;305
06/02/2023;DTP;29;748;9;752;33,19802199;306
06/02/2023;DTP;30;860;9;1138;51,39583333;307
06/02/2023;DTP;30;859;9;1130;25,94302611;308
06/02/2023;DTP;30;859;9;1169;25,94302611;309
06/02/2023;DTP;16;1049;9;298;1043,568861;310
06/02/2023;DTP;16;1049;9;331;11,27054369;311
06/02/2023;DTP;16;905;9;253;11,368;312
06/02/2023;DTP;16;871;9;871;6,11;313
06/02/2023;DTP;16;976;9;344;13,63416702;314
06/02/2023;DTP;8;811;9;302;40,54435484;315
06/02/2023;DTP;28;1150;9;496;3,16;316
06/02/2023;DTP;30;746;9;2327;45,96727273;317
06/02/2023;DTP;18;949;9;603;13,38526553;318
06/02/2023;DTP;18;949;9;723;17,84702071;319
06/02/2023;DTP;18;952;9;423;1046,726541;320
06/02/2023;DTP;18;952;9;507;13,82141676;321
06/02/2023;DTP;30;1073;9;368;255,205453;322
06/02/2023;DTP;30;1073;9;378;255,205453;323
06/02/2023;DTP;22;856;9;815;4,64;324
06/02/2023;DTP;22;856;9;326;0,919224892;325
06/02/2023;DTP;25;1332;9;1511;165,9;326
06/02/2023;DTP;29;1303;9;1459;45,40359106;327
06/02/2023;DTD;19;989;9;370;94,37144573;328
06/02/2023;DTP;10;944;9;13293;26,58;329
06/02/2023;DTP;31;1302;9;4716;15,31580507;330
06/02/2023;DTP;31;1303;9;310;24,34083895;331
06/02/2023;DTP;12;253;9;245;0,191687088;335
06/02/2023;DTP;12;246;9;302;0,185568615;336
06/02/2023;DTP;12;236;9;341;49,75186724;337
06/02/2023;DTP;12;240;9;317;19,89550043;338
06/02/2023;DTP;12;235;9;313;0,426408632;339
06/02/2023;DTP;12;253;9;296;0,287530632;340
06/02/2023;DTP;12;236;9;292;0,398014938;341
06/02/2023;DTP;12;253;9;286;0,958435439;342
06/02/2023;DTP;12;190;9;295;0,601404824;343
06/02/2023;DTP;12;247;9;281;0,73517207;345
06/02/2023;DTP;10;1130;9;312;0,856447435;346
06/02/2023;DTP;31;1169;9;306;0,343021633;348
06/02/2023;DTD;35;237;9;334;21,92037358;349
06/02/2023;DTD;35;235;9;285;213,204316;351
06/02/2023;DTD;35;246;9;403;13,91764612;353
06/02/2023;DTD;35;253;9;295;38,33741756;354
06/02/2023;DTD;35;245;9;635;32,87306214;357
06/02/2023;DTD;35;263;9;339;31,46490087;358
06/02/2023;DTD;35;265;9;343;64,30167035;359
06/02/2023;DTD;35;269;9;340;43,61361732;360
06/02/2023;DTP;17;941;9;49268;24,64;362
06/02/2023;DTP;12;663;9;311;38,60521708;363
06/02/2023;DTP;12;653;9;282;20,57693983;364
06/02/2023;DTP;12;663;9;416;27,88417367;365
06/02/2023;DTP;12;653;9;321;20,57693983;366
06/02/2023;DTP;12;663;9;301;38,60521708;367
06/02/2023;DTP;12;664;9;285;29,93648485;368
06/02/2023;DTP;16;204;9;334;0,187648924;369
06/02/2023;DTP;16;690;9;335;6;370
06/02/2023;DTP;16;689;9;309;99,72463768;371
06/02/2023;DTP;17;930;9;14294;65,11250796;372
06/02/2023;DTP;17;954;9;20326;1016,965779;373
06/02/2023;DTP;17;837;9;35282;19,31822143;374
06/02/2023;DTP;16;252;9;275;0,148959575;375
06/02/2023;DTP;16;252;9;295;16,38555328;376
06/02/2023;DTP;18;1107;9;404;46,07988764;377
06/02/2023;DTP;29;716;9;502;16,89402355;379
06/02/2023;DTP;16;689;9;377;22,94492754;380
06/02/2023;DTP;19;1003;9;463;4,78;381
06/02/2023;DTP;29;816;9;16489;12,52414879;382
06/02/2023;DTP;29;817;9;18282;11,54628901;383
06/02/2023;DTP;18;846;9;368;11,58265596;384
06/02/2023;DTP;19;1005;9;595;83,95955688;385
06/02/2023;DTP;18;846;9;289;46,33062383;386
06/02/2023;DTP;28;1073;9;1276;19,26;387
06/02/2023;DTP;16;252;9;312;35,75029806;388
06/02/2023;DTP;29;953;9;2322;5,98;389
06/02/2023;DTP;9;747;9;10254;27,68;390
06/02/2023;DTP;9;1005;9;365;30,55408951;391
06/02/2023;DTP;9;1074;9;338;14,58565045;392
06/02/2023;DTP;29;868;9;452;12,92819393;393
06/02/2023;DTP;29;1049;9;363;0,688755448;394
06/02/2023;DTP;28;1150;9;488;3,16;395
06/02/2023;DTP;28;1150;9;514;3,16;396
06/02/2023;DTP;18;1075;9;1311;15,28;397
06/02/2023;DTP;29;756;9;309;0,500744753;398
06/02/2023;DTP;29;864;9;368;204,727119;399
06/02/2023;DTP;29;729;9;337;14,34649899;400
06/02/2023;DTP;18;1061;9;587;3,8;401
06/02/2023;DTP;28;1128;9;2316;19,92;403
06/02/2023;DTP;12;252;9;328;0,074479788;404
06/02/2023;DTP;18;949;9;395;0,356940414;405
06/02/2023;DTP;29;729;9;276;10,75987424;406
06/02/2023;DTP;12;252;9;352;156,407554;407
06/02/2023;DTP;29;1303;9;378;30,61044898;409
06/02/2023;DTP;15;252;9;453;1017,196814;410
06/02/2023;DTP;15;252;9;263;0,595838301;411
06/02/2023;DTD;44;252;9;454;15,89595753;413
06/02/2023;DTD;44;252;9;1668;93,78210693;414
06/02/2023;DTP;29;987;9;278;11,57032223;415
06/02/2023;DTP;29;988;9;344;0,710242163;416
06/02/2023;DTP;29;920;9;286;0,383280837;417
06/02/2023;DTP;29;1302;9;320;18,91598938;418
06/02/2023;DTP;12;252;9;268;0,148959575;419
06/02/2023;DTP;18;1077;9;358;1735;420
06/02/2023;DTP;18;1103;9;315;0,080233903;421
06/02/2023;DTP;18;1061;9;717;4,6;422
06/02/2023;DTP;18;1061;9;499;3,24;423
06/02/2023;DTD;35;252;9;2277;14,69595753;424
06/02/2023;DTP;22;1158;9;370;42,69670258;425
06/02/2023;DTP;12;251;9;299;0,143972544;426
06/02/2023;DTP;12;251;9;252;10,79794078;427
06/02/2023;DTP;16;251;9;1072;512,854568;428
06/02/2023;DTD;44;251;9;581;22,59588156;429
06/02/2023;DTP;12;250;9;322;10,72756183;430
06/02/2023;DTP;10;591;9;357;47,91903968;431
06/02/2023;DTP;12;250;9;300;0,383127208;432
06/02/2023;DTD;35;250;9;489;16,32508833;433
06/02/2023;DTP;23;1308;9;393;45,50197713;435
06/02/2023;DTP;22;813;9;721;18,09837457;436
06/02/2023;DTP;22;813;9;2100;92,10906092;437
06/02/2023;DTP;22;917;9;323;14,60992179;438
06/02/2023;DTP;9;762;9;488;18,9;439
06/02/2023;DTP;17;840;9;49280;25,51158927;440
06/02/2023;DTP;17;840;9;45760;24,61790432;441
06/02/2023;DTP;17;840;9;49326;26,51158927;442
06/02/2023;DTP;17;840;9;49268;26,51158927;443
06/02/2023;DTP;9;776;9;2308;81,92611465;444
06/02/2023;DTP;9;743;9;660;62,92058824;445
06/02/2023;DTP;9;932;9;3279;21,24;448
06/02/2023;DTP;29;781;9;438;21,26480447;449
06/02/2023;DTP;15;191;9;306;0,356129007;450
06/02/2023;DTP;31;1041;9;791;9,28;451
06/02/2023;DTP;29;799;9;557;22,06325936;452
06/02/2023;DTP;29;1339;9;646;11,18055914;453
06/02/2023;DTP;5;1051;9;477;36,58759424;455
06/02/2023;DTP;5;1051;9;790;9,78;456
06/02/2023;DTD;19;1047;9;424;4,32;457
06/02/2023;DTP;5;1051;9;686;870,784743;458
06/02/2023;DTD;19;1047;9;357;282,475899;459
06/02/2023;DTD;19;1047;9;590;7,58;460
06/02/2023;DTD;19;992;9;699;32,99451548;461
06/02/2023;DTP;22;989;9;444;14,90333622;462
06/02/2023;DTP;22;989;9;449;14,90333622;463
06/02/2023;DTP;22;989;9;293;46,31191318;464
06/02/2023;DTP;9;745;9;321;0,203666667;465
06/02/2023;DTP;22;989;9;259;0,52428581;466
06/02/2023;DTD;35;239;9;574;24,42695481;467
06/02/2023;DTP;9;776;9;5290;20,6;468
06/02/2023;DTP;31;799;9;396;0,794277337;469
06/02/2023;DTD;19;1097;9;1665;64,87784686;470
06/02/2023;DTD;19;1006;9;425;21,25360226;471
06/02/2023;DTP;17;837;9;40287;21,07796735;472
06/02/2023;DTP;31;963;9;2983;6,96;473
06/02/2023;DTP;10;810;9;1261;74,7;474
06/02/2023;DTD;35;264;9;284;18,85401793;475
06/02/2023;DTD;35;240;9;785;49,21704643;476
06/02/2023;DTD;35;264;9;374;18,85401793;480
06/02/2023;DTP;12;236;9;281;0,398014938;481
06/02/2023;DTP;12;241;9;429;11,31302991;482
06/02/2023;DTP;12;250;9;337;13,02632508;483
06/02/2023;DTP;12;245;9;316;34,07940903;484
06/02/2023;DTP;12;253;9;316;0,095843544;485
06/02/2023;DTP;29;963;9;444;0,676332409;486
06/02/2023;DTP;16;163;9;1625;132,96;487
06/02/2023;DTD;35;243;9;398;11,38798524;488
06/02/2023;DTD;49;1152;9;1273;31,70229509;490
06/02/2023;DTD;49;1299;9;343;0,923793581;491
06/02/2023;CRF;6;1027;9;3278;13,37193069;492
06/02/2023;CRF;6;1027;9;15301;66,85965344;493
06/02/2023;DTP;10;782;9;624;3,6;494
06/02/2023;DTP;10;839;9;652;58,97860082;495
06/02/2023;DTP;31;715;9;384;0,662933754;496
06/02/2023;DTP;12;953;9;1037;24,93573685;497
06/02/2023;DTP;12;953;9;2803;7;498
06/02/2023;DTP;31;944;9;1621;34,20904954;499
06/02/2023;DTP;31;953;9;2885;6,9;500
06/02/2023;DTP;31;949;9;1563;4,56;501
06/02/2023;DTP;31;944;9;1574;33,28448063;502
06/02/2023;DTP;31;953;9;864;19,84276142;503
06/02/2023;DTP;31;808;9;3284;7,12;504
06/02/2023;DTP;31;949;9;942;23,05240175;505
06/02/2023;DTD;19;1006;9;773;99,70293694;506
06/02/2023;DTP;31;953;9;1035;26,45701523;507
06/02/2023;DTP;31;808;9;2448;6,44;508
06/02/2023;DTP;31;715;9;306;0,185621451;509
06/02/2023;DTP;31;953;9;2262;5,94;510
06/02/2023;DTP;31;953;9;2077;5,48;511
06/02/2023;DTP;9;775;9;1236;3,5;512
06/02/2023;DTP;31;774;9;700;144,869007;513
06/02/2023;DTP;31;857;9;359;0,398321543;514
06/02/2023;DTD;19;1006;9;412;23,61511363;515
06/02/2023;DTP;31;774;9;7292;18,7;516
06/02/2023;DTP;31;953;9;2317;5,86;517
06/02/2023;DTP;31;963;9;2248;6,08;518
06/02/2023;DTP;31;1068;9;2317;6,1;519
06/02/2023;DTP;31;953;9;2644;6,74;520
06/02/2023;DTP;31;1070;9;1304;3,42;521
06/02/2023;DTP;18;872;9;277;0,484069434;524
06/02/2023;DTP;31;257;9;321;274,969689;525
06/02/2023;DTP;31;975;9;320;25,74584999;526
06/02/2023;DTP;31;135;9;921;59,55424579;528
06/02/2023;DTP;28;873;9;1290;82,22;531
06/02/2023;DTP;31;949;9;1142;30,60020425;532
06/02/2023;DTP;28;855;9;965;13,30666667;533
06/02/2023;DTP;28;783;9;490;15,51624378;534
06/02/2023;DTP;31;756;9;608;7,4;535
06/02/2023;DTP;31;949;9;2846;6,92;536
06/02/2023;DTP;31;772;9;483;11,60424165;537
06/02/2023;DTP;31;932;9;1315;9,08;538
06/02/2023;DTP;31;774;9;2779;7,04;539
06/02/2023;DTD;41;178;9;277;0,085402423;540
06/02/2023;DTD;42;1136;9;556;14,40327163;541
06/02/2023;DTD;42;1001;9;799;143,105802;542
06/02/2023;DTP;31;932;9;748;44,22684901;543
06/02/2023;DTP;31;776;9;1305;40,96305732;544
06/02/2023;DTP;31;857;9;311;0,127462894;545
06/02/2023;DTP;31;949;9;5555;14,32;546
06/02/2023;DTD;41;189;9;334;0,305944694;547
06/02/2023;DTP;31;808;9;2107;4,16;548
06/02/2023;DTD;48;770;9;4645;68,46;549
06/02/2023;DTP;31;1299;9;1737;45,89507455;550
06/02/2023;DTD;35;235;9;247;1066,02158;551
06/02/2023;DTD;35;235;9;337;1066,02158;552
06/02/2023;DTD;35;242;9;397;91,35102208;554
06/02/2023;DTD;35;253;9;340;19,16870878;555
06/02/2023;DTD;35;238;9;355;12,44465912;556
06/02/2023;DTP;31;783;9;293;0,023274366;557
06/02/2023;DTD;35;243;9;427;11,38798524;564
06/02/2023;DTD;34;876;9;33235;22,11053472;565
06/02/2023;DTP;10;592;9;501;58,77422302;566
06/02/2023;DTP;28;1070;9;2049;4,1;567
06/02/2023;DTP;28;868;9;1274;7,92;568
06/02/2023;DTD;19;1006;9;428;32,20242767;569
06/02/2023;DTP;8;715;9;369;0,662933754;571
06/02/2023;DTP;10;1132;9;651;15,32765747;572
06/02/2023;DTP;10;592;9;438;42,83066727;573
06/02/2023;DTD;35;240;9;559;29,13022786;574
06/02/2023;DTD;35;237;9;393;15,44028019;575
06/02/2023;DTD;35;237;9;296;21,92037358;576
06/02/2023;DTD;35;236;9;264;0,597022407;577
06/02/2023;DTD;35;240;9;786;44,21704643;578
06/02/2023;DTP;22;1030;9;836;68,90160036;579
06/02/2023;DTP;14;190;9;1630;1036,894672;580
06/02/2023;DTP;13;758;9;334;16,85929648;581
06/02/2023;DTP;13;953;9;421;0,33071269;582
06/02/2023;DTP;10;920;9;800;34,28;583
06/02/2023;DTP;28;1073;9;1246;19,41643624;584
06/02/2023;DTD;49;1299;9;316;188,057979;585
06/02/2023;DTD;49;1297;9;487;51,03073629;586
06/02/2023;CRF;1;621;9;739;73,9;587
06/02/2023;CRF;1;615;9;3851;704,88;588
06/02/2023;CRF;1;616;9;3003;498,68;589
06/02/2023;CRF;1;616;9;617;54,52;590
06/02/2023;CRF;1;616;9;898;113,04;591
06/02/2023;CRF;1;619;9;2943;540,68;592
06/02/2023;DTD;19;985;9;381;77,17567111;593
06/02/2023;DTP;31;132;9;497;14,50361854;594
06/02/2023;DTD;41;188;9;345;18,70194431;595
06/02/2023;DTD;41;187;9;289;0,307961176;596
06/02/2023;DTP;9;1138;9;325;0,046628115;597
06/02/2023;DTD;41;185;9;252;0,729534322;598
06/02/2023;DTP;12;248;9;331;0,107262158;599
06/02/2023;DTP;12;241;9;296;20,06567837;600
06/02/2023;DTP;12;250;9;244;0,306501767;601
06/02/2023;DTP;12;245;9;272;0,358730621;602
06/02/2023;DTP;12;171;9;243;0,178054921;603
06/02/2023;DTP;12;190;9;320;17,18299496;604
06/02/2023;DTP;12;253;9;320;0,191687088;605
06/02/2023;DTP;31;963;9;2261;5;606
06/02/2023;DTP;31;775;9;494;15,66003012;607
06/02/2023;DTD;35;234;9;327;78,17464466;608
06/02/2023;DTD;42;1068;9;818;17,88459681;609
06/02/2023;DTD;42;945;9;4277;66,22817869;610
06/02/2023;DTD;35;265;9;327;16,07541759;611
06/02/2023;DTP;9;804;9;334;7,8;612
06/02/2023;DTD;35;265;9;323;32,15083518;613
06/02/2023;DTD;19;1097;9;327;0,212397713;615
06/02/2023;DTD;19;1097;9;987;32,43892343;616
06/02/2023;DTD;19;1097;9;970;32,43892343;617
06/02/2023;DTD;19;1097;9;1656;64,87784686;618
06/02/2023;DTD;19;780;9;976;29,21481281;619
06/02/2023;DTD;19;780;9;502;89,34983725;620
06/02/2023;DTD;19;780;9;290;0,860709441;621
06/02/2023;DTD;19;780;9;603;11,99261395;622
06/02/2023;DTD;19;780;9;474;89,34983725;623
06/02/2023;DTP;29;803;9;294;1043,809524;624
06/02/2023;DTD;35;266;9;324;28,61540478;625
06/02/2023;DTP;10;742;9;1362;9,64;626
06/02/2023;DTP;4;851;9;485;21,6;627
06/02/2023;CRF;6;1027;9;3268;13,37193069;628
06/02/2023;CRF;6;1027;9;18264;80,23158413;629
06/02/2023;DTP;4;852;9;475;26,94;630
06/02/2023;DTP;4;828;9;1237;9,6;633
06/02/2023;DTD;47;853;9;1338;0,77;634
06/02/2023;DTP;19;1004;9;3278;56,61169824;635
06/02/2023;DTP;4;952;9;276;0,231320783;636
06/02/2023;DTP;4;929;9;687;32,04;637
06/02/2023;DTP;10;856;9;1454;9,7;638
06/02/2023;DTP;10;907;9;295;0,188097026;639
06/02/2023;DTP;10;938;9;1024;10,56;640
06/02/2023;DTP;10;908;9;718;11,96;641
06/02/2023;DTP;10;908;9;249;0,06390949;642
06/02/2023;DTP;10;860;9;1167;51,39583333;643
06/02/2023;DTP;9;932;9;640;35,38147921;644
06/02/2023;DTP;10;932;9;1333;8,84;645
06/02/2023;DTP;10;799;9;321;0,529518225;646
06/02/2023;DTP;10;799;9;299;0,405963972;647
06/02/2023;DTP;10;747;9;554;0,79099597;648
06/02/2023;DTP;10;949;9;367;0,371812931;649
06/02/2023;DTP;10;868;9;372;0,442746368;650
06/02/2023;DTP;10;790;9;257;0,120079286;651
06/02/2023;DTP;10;949;9;311;0,037181293;652
06/02/2023;DTP;10;1055;9;338;0,1488;653
06/02/2023;DTP;10;949;9;436;0,70644457;654
06/02/2023;DTP;10;793;9;927;69,72;655
06/02/2023;DTP;4;794;9;2284;170,781332;656
06/02/2023;DTP;4;1120;9;829;51,70807055;657
06/02/2023;DTP;4;774;9;20282;48,42;658
06/02/2023;DTP;4;932;9;2257;15,08;659
06/02/2023;DTD;35;250;9;668;28,65017666;660
06/02/2023;DTD;35;241;9;355;36,48305158;661
06/02/2023;DTD;35;252;9;1300;76,47978763;662
06/02/2023;DTD;35;267;9;367;38,41838549;663
06/02/2023;DTD;35;268;9;363;13,84803541;664
06/02/2023;DTP;4;911;9;396;8,04;666
06/02/2023;DTD;35;251;9;1054;625,890175;667
06/02/2023;DTD;35;251;9;1505;79,38352625;668
06/02/2023;DTP;12;251;9;254;0,647876447;669
06/02/2023;DTP;10;591;9;334;47,91903968;670
06/02/2023;DTP;10;591;9;377;47,91903968;671
06/02/2023;DTP;10;591;9;377;47,91903968;672
06/02/2023;DTP;10;591;9;286;47,91903968;673
06/02/2023;DTP;10;591;9;338;47,91903968;674
06/02/2023;DTP;10;597;9;303;11,66246024;675
06/02/2023;DTP;10;593;9;334;16,54657427;676
06/02/2023;CRF;1;626;9;889;107,88;677
06/02/2023;CRF;1;627;9;507;43,17;678
06/02/2023;DTD;19;985;9;287;0,643130593;679
06/02/2023;DTP;12;181;9;340;69,96071941;680
06/02/2023;DTP;18;812;9;351;49,21039637;681
06/02/2023;DTD;32;812;9;2772;193;682
06/02/2023;DTD;32;812;9;4865;305,26;683
06/02/2023;DTP;22;989;9;328;12,23333556;684
06/02/2023;DTP;22;917;9;717;16,85657108;685
06/02/2023;DTP;22;813;9;664;17,95800354;686
06/02/2023;DTD;49;139;9;5258;218,092067;687
06/02/2023;DTP;31;850;9;1110;83,54;688
06/02/2023;CRF;1;633;9;2928;38,04;690
06/02/2023;CRF;1;634;9;3188;87,94;691
06/02/2023;CRF;1;634;9;427;2,86;692
06/02/2023;CRF;1;633;9;696;6,16;693
06/02/2023;CRF;1;616;9;2045;346,12;694
06/02/2023;CRF;1;619;9;2066;341,12;695
06/02/2023;CRF;1;615;9;3927;608,88;696
06/02/2023;DTP;9;1005;9;310;12,83785273;698
06/02/2023;DTP;9;963;9;900;20,28997226;699
06/02/2023;DTP;9;808;9;806;229,338114;700
06/02/2023;DTP;9;953;9;3314;9,84;701
06/02/2023;DTP;9;1070;9;625;11,29729412;702
06/02/2023;DTP;9;1068;9;532;0,715383872;703
06/02/2023;DTP;9;747;9;5262;14,72;704
06/02/2023;DTP;9;944;9;558;0,792487634;705
06/02/2023;DTP;9;1138;9;283;0,058285144;706
06/02/2023;DTP;5;1066;9;2324;37,22;707
06/02/2023;DTP;5;1064;9;1252;18;708
06/02/2023;DTP;5;814;9;30266;392,02;709
06/02/2023;DTP;5;814;9;58278;692,06;710
06/02/2023;DTP;5;251;9;781;34,99313594;711
06/02/2023;DTP;5;856;9;436;19,01844603;712
06/02/2023;DTP;5;856;9;418;0,950922302;713
06/02/2023;DTP;5;1049;9;426;29,84606941;714
06/02/2023;DTP;5;1049;9;397;29,84606941;715
06/02/2023;DTP;5;1049;9;399;29,84606941;716
06/02/2023;DTP;5;1049;9;392;29,84606941;717
06/02/2023;DTP;5;1149;9;1959;23,88;718
06/02/2023;DTP;5;952;9;339;0,231320783;719
06/02/2023;DTP;5;986;9;550;31,46241941;720
06/02/2023;DTP;5;712;9;1406;8,02;721
06/02/2023;DTP;5;794;9;370;90,39066599;722
06/02/2023;DTP;5;872;9;518;44,37303145;723
06/02/2023;DTP;5;775;9;799;2,68;724
06/02/2023;DTP;5;712;9;1839;7,92;725
06/02/2023;DTP;5;252;9;1753;11,07196814;726
06/02/2023;DTP;5;190;9;319;51,54898488;727
06/02/2023;DTP;5;190;9;356;429,574874;728
06/02/2023;DTP;31;1302;9;4794;185,184609;729
06/02/2023;DTP;31;1303;9;303;22,86563659;730
06/02/2023;DTP;31;1304;9;326;0,164561073;731
06/02/2023;DTP;31;776;9;1329;40,96305732;732
06/02/2023;DTP;31;1041;9;1313;18,46;734
06/02/2023;DTP;31;1042;9;585;692,700088;735
06/02/2023;DTD;49;150;9;332;0,14341679;736
06/02/2023;DTP;9;799;9;290;0,441265187;737
06/02/2023;DTD;44;267;9;298;0,384183855;738
06/02/2023;DTD;44;269;9;346;13,08408519;739
06/02/2023;DTD;44;268;9;257;0,346200885;740
06/02/2023;DTD;44;207;9;397;61,13543847;741
06/02/2023;DTD;44;198;9;307;0,08982;742
06/02/2023;DTD;44;250;9;422;76,62544164;743
06/02/2023;DTD;44;247;9;338;0,73517207;744
06/02/2023;DTD;44;251;9;1301;67,98627187;745
06/02/2023;DTD;44;253;9;265;0,191687088;746
06/02/2023;DTD;44;252;9;663;28,79191505;747
06/02/2023;DTD;44;246;9;395;74,22744597;748
06/02/2023;DTD;44;983;9;343;28,74864444;749
06/02/2023;DTD;44;175;9;720;37,67647059;750
06/02/2023;DTD;44;190;9;562;24,77449244;751
06/02/2023;DTD;44;191;9;611;25,70967555;752
06/02/2023;DTD;44;856;9;528;211,316067;753
06/02/2023;DTD;44;857;9;890;47,79858522;754
06/02/2023;DTD;44;1073;9;369;20,41643624;755
06/02/2023;DTD;44;1049;9;378;16,69710177;756
06/02/2023;DTD;44;747;9;307;0,15211461;757
06/02/2023;DTD;44;252;9;1159;73,03180887;758
06/02/2023;DTD;43;1303;9;468;73,76011803;759
06/02/2023;DTD;43;1299;9;439;42,23056371;760
06/02/2023;DTD;43;1304;9;2722;88,50327674;763
06/02/2023;DTP;16;1109;9;17387;751,9;764
06/02/2023;DTP;17;930;9;21238;97,66876194;765
06/02/2023;DTP;14;187;9;324;0,769902939;770
06/02/2023;DTP;14;191;9;433;89,03225184;771
06/02/2023;DTP;14;239;9;490;16,61796987;772
06/02/2023;DTP;14;240;9;471;19,08681857;773
06/02/2023;DTP;14;241;9;529;17,51514867;774
06/02/2023;DTP;14;245;9;464;16,93653107;775
06/02/2023;DTP;14;251;9;697;28,79450875;776
06/02/2023;DTP;14;252;9;1296;69,47978763;777
06/02/2023;DTP;14;253;9;259;0,958435439;778
06/02/2023;DTP;31;1092;9;314;2,2;782
06/02/2023;DTP;31;1092;9;413;2,54;783
06/02/2023;DTP;31;1092;9;435;2,86;784
06/02/2023;DTD;34;876;9;21329;13,43397664;785
06/02/2023;DTD;34;876;9;9286;575,741856;786
06/02/2023;DTP;17;840;9;45820;24,61790432;787
06/02/2023;DTP;17;840;9;49236;28,51158927;788
06/02/2023;DTP;10;769;9;394;195,804878;789
06/02/2023;DTP;17;840;9;49312;24,51158927;790
06/02/2023;DTP;17;840;9;49239;27,51158927;791
06/02/2023;DTP;28;856;9;2018;13,76;792
06/02/2023;DTP;10;782;9;432;24,88702389;793
06/02/2023;DTP;10;735;9;486;23,57475865;794
06/02/2023;DTP;10;783;9;510;15,51624378;795
06/02/2023;DTP;28;944;9;2308;52,83250894;796
06/02/2023;DTP;10;952;9;349;0,144575489;797
06/02/2023;DTP;28;1049;9;2281;37,62;798
06/02/2023;DTP;28;949;9;8298;22,6;799
06/02/2023;DTP;28;949;9;8296;23,44;800
06/02/2023;DTP;28;949;9;8320;20,46;801
06/02/2023;DTP;28;857;9;5398;35,86;802
06/02/2023;DTP;10;932;9;376;11,49898074;803
06/02/2023;DTP;28;1150;9;497;3,16;804
06/02/2023;DTP;28;1150;9;451;3,16;805
06/02/2023;DTP;10;793;9;566;32,4;806
06/02/2023;DTP;10;857;9;1304;796,643087;807
06/02/2023;DTP;28;1120;9;4295;40,44466212;808
06/02/2023;DTP;28;743;9;978;12,58411765;809
06/02/2023;DTP;28;808;9;4318;15,82;810
06/02/2023;DTP;28;966;9;1281;19,79823806;811
06/02/2023;DTP;28;799;9;543;22,06325936;812
06/02/2023;DTP;10;771;9;244;0,393263782;813
06/02/2023;DTP;10;952;9;387;0,578301957;814
06/02/2023;DTP;10;952;9;302;0,289150978;815
06/02/2023;DTP;10;952;9;254;0,115660391;816
06/02/2023;DTD;35;245;9;469;16,93653107;817
06/02/2023;DTD;35;263;9;417;62,92980175;818
06/02/2023;DTD;35;269;9;434;43,61361732;819
06/02/2023;DTD;35;246;9;452;12,91764612;820
06/02/2023;DTD;35;266;9;315;17,16924287;821
06/02/2023;DTP;28;747;9;10302;25,9;822
06/02/2023;DTP;10;793;9;336;10,63348541;823
06/02/2023;DTD;35;236;9;494;16,91067221;824
06/02/2023;DTP;10;907;9;305;0,626990087;825
06/02/2023;DTP;10;1055;9;278;0,0496;826
06/02/2023;DTD;35;239;9;628;26,42695481;827
06/02/2023;DTD;49;1304;9;5257;17,15610726;828
06/02/2023;DTD;49;1299;9;687;11,57019123;829
06/02/2023;DTD;49;1297;9;415;21,80186386;830
06/02/2023;DTD;35;234;9;341;39,08732233;831
06/02/2023;DTD;35;164;9;318;26,09357972;832
06/02/2023;DTP;10;735;9;407;18,57405227;833
06/02/2023;DTP;10;1315;9;274;0,670207254;834
06/02/2023;DTP;31;149;9;2333;12,85156155;835
06/02/2023;DTP;31;948;9;2295;46,36129032;836
06/02/2023;DTP;31;1020;9;3906;20,81638885;837
06/02/2023;DTP;31;1020;9;3847;20,81638885;838
06/02/2023;DTP;9;1137;9;411;0,887914842;840
06/02/2023;DTP;9;1297;9;250;0,119790461;841
06/02/2023;DTD;19;1098;9;993;43,80363928;843
06/02/2023;DTD;19;1017;9;948;12,04714984;844
06/02/2023;DTD;19;1017;9;370;23,77480637;845
06/02/2023;DTD;19;1017;9;640;77,12315237;846
06/02/2023;DTD;19;1017;9;444;39,23809506;847
06/02/2023;DTP;13;675;9;251;65,74137931;848
06/02/2023;DTP;10;748;9;1093;4;849
06/02/2023;DTP;10;748;9;445;0,796752528;850
06/02/2023;DTD;35;248;9;279;21,45243155;851
06/02/2023;DTD;35;252;9;1256;77,47978763;852
06/02/2023;DTP;13;787;9;250;0,143318435;855
06/02/2023;DTD;35;236;9;308;29,85112034;856
06/02/2023;DTP;17;941;9;49279;23,66;857
06/02/2023;DTD;19;1095;9;921;34,41058415;858
06/02/2023;CRF;6;1027;9;15243;66,85965344;859
06/02/2023;DTP;31;959;9;910;13,92;860
06/02/2023;DTP;10;641;9;374;13,06666667;861
06/02/2023;DTP;10;776;9;10253;40,68;864
06/02/2023;DTP;10;776;9;5332;18,48152866;865
06/02/2023;DTP;10;776;9;5235;19,14;866
06/02/2023;DTP;19;1170;9;349;124,104021;867
06/02/2023;DTD;35;239;9;477;17,61796987;868
06/02/2023;DTD;35;238;9;345;34,33397736;869
06/02/2023;DTD;35;253;9;311;19,16870878;870
06/02/2023;DTD;48;966;9;1322;19,79823806;872
06/02/2023;DTD;48;1069;9;8280;12,07224742;873
06/02/2023;DTD;48;770;9;3138;46,17504587;874
06/02/2023;DTD;48;956;9;3197;289,715481;875
06/02/2023;DTP;17;840;9;35293;18,93684948;878
06/02/2023;DTP;16;1108;9;945;34,72;879
06/02/2023;DTP;16;795;9;395;96,90879742;880
06/02/2023;DTP;16;795;9;431;17,10540759;881
06/02/2023;DTP;16;774;9;678;12,87724507;882
06/02/2023;DTP;16;774;9;958;20,60359211;883
06/02/2023;DTP;16;989;9;609;26,77738564;884
06/02/2023;DTP;16;774;9;1053;25,75449014;885
06/02/2023;DTP;17;1127;9;30296;21,58863372;887
06/02/2023;DTP;16;989;9;350;454,381035;888
06/02/2023;DTP;17;1048;9;1782;27,09907546;889
06/02/2023;DTP;17;1048;9;1761;27,09907546;890
06/02/2023;DTP;31;715;9;445;17,89921136;891
06/02/2023;DTP;31;770;9;1382;17,68;892
06/02/2023;DTP;31;770;9;664;63,96880734;893
06/02/2023;DTP;31;770;9;974;11,79376147;894
06/02/2023;DTP;29;817;9;3243;19,24381501;895
06/02/2023;DTP;31;953;9;847;19,84276142;896
06/02/2023;DTP;16;871;9;835;6,11;897
06/02/2023;DTP;16;857;9;375;0,955971704;898
06/02/2023;DTP;16;856;9;245;0,105658034;899
06/02/2023;DTP;31;945;9;2234;33,11408935;900
06/02/2023;DTP;31;945;9;2284;33,11408935;901
06/02/2023;DTP;31;953;9;849;19,84276142;902
06/02/2023;DTP;31;953;9;904;19,84276142;903
06/02/2023;DTP;31;774;9;2297;64,38622535;904
06/02/2023;DTP;31;945;9;2255;33,11408935;905
06/02/2023;DTP;16;856;9;387;0,739606235;906
06/02/2023;DTP;31;808;9;1306;3,36;907
06/02/2023;DTP;31;963;9;346;0,169083102;908
06/02/2023;DTP;18;729;9;253;0,71732495;909
06/02/2023;DTP;16;976;9;261;0,045447223;910
06/02/2023;DTP;16;871;9;896;6,11;911
06/02/2023;DTP;28;952;9;749;28,91509783;912
06/02/2023;DTP;31;135;9;722;41,49271223;915
06/02/2023;DTP;31;132;9;518;12,60926837;916
06/02/2023;DTP;16;163;9;981;64,94663612;917
06/02/2023;DTP;28;1151;9;497;3,42;918
06/02/2023;DTP;28;1150;9;496;3,16;919
06/02/2023;DTP;30;1049;9;581;52,17844303;920
06/02/2023;DTP;30;1049;9;496;52,17844303;921
06/02/2023;DTP;16;968;9;334;0,820524368;922
06/02/2023;DTP;5;932;9;596;30,95879431;923
06/02/2023;DTP;5;949;9;1846;5,4;924
06/02/2023;DTP;28;1120;9;4255;38,44466212;925
06/02/2023;DTP;31;135;9;308;0,17573384;926
06/02/2023;DTP;9;812;9;416;90,84996252;927
06/02/2023;DTP;10;810;9;1257;69,1;928
06/02/2023;DTP;10;925;9;3776;25,92224646;929
06/02/2023;DTP;10;804;9;800;32,84;930
06/02/2023;DTP;10;1303;9;5333;19,94002951;931
06/02/2023;DTP;10;133;9;2240;161,885593;932
06/02/2023;DTP;10;1137;9;2249;16,75829684;933
06/02/2023;DTP;10;1136;9;1313;64,87960193;934
06/02/2023;DTP;10;149;9;1332;59,25780777;935
06/02/2023;DTP;10;150;9;302;0,089635494;936
06/02/2023;DTP;10;1132;9;1274;38,31914367;937
06/02/2023;DTP;10;592;9;824;13,32242687;940
06/02/2023;DTP;31;770;9;1048;13,5;941
06/02/2023;DTP;10;885;9;717;42,51781316;942
06/02/2023;DTP;10;886;9;1313;114,24;943
06/02/2023;DTP;10;190;9;1257;929,149748;944
06/02/2023;DTP;10;996;9;309;1578,1232;945
06/02/2023;DTP;10;240;9;740;42,21704643;946
06/02/2023;DTP;10;251;9;1328;72,98627187;947
06/02/2023;DTP;10;1003;9;879;13,98;948
06/02/2023;DTP;10;857;9;2251;15,24;949
06/02/2023;DTP;10;932;9;5324;41,3;950
06/02/2023;DTP;10;932;9;5301;40,3;951
06/02/2023;DTP;10;799;9;10323;78,2;952
06/02/2023;DTP;10;799;9;10316;77,9;953
06/02/2023;DTP;10;933;9;3248;25,2;954
06/02/2023;DTP;10;1049;9;1242;18,18;955
06/02/2023;DTP;10;953;9;7294;17,3;956
06/02/2023;DTP;10;953;9;6306;17,94;957
06/02/2023;DTP;10;953;9;4275;11,64;958
06/02/2023;DTP;10;953;9;3240;9,88;959
06/02/2023;DTP;10;953;9;10322;25,44;960
06/02/2023;DTP;10;858;9;329;0,273336145;961
06/02/2023;DTP;10;747;9;10266;26,82;962
06/02/2023;DTP;10;747;9;10272;25,68;963
06/02/2023;DTP;31;774;9;2278;64,38622535;964
06/02/2023;DTP;31;772;9;409;53,02120825;965
06/02/2023;DTP;31;799;9;671;31,77109347;966
06/02/2023;DTP;31;799;9;677;31,77109347;967
06/02/2023;DTP;31;772;9;304;0,265106041;968
06/02/2023;DTP;31;772;9;382;53,02120825;969
06/02/2023;DTP;31;772;9;402;53,02120825;970
06/02/2023;DTP;31;772;9;459;86,42456945;971
06/02/2023;DTP;31;772;9;346;53,02120825;972
06/02/2023;DTP;31;772;9;353;53,02120825;973
06/02/2023;DTP;8;1006;9;1246;20,12;974
06/02/2023;DTP;8;1031;9;277;3,88;975
06/02/2023;DTP;10;760;9;340;0,545210084;976
06/02/2023;DTP;10;1090;9;4333;64,17561459;977
06/02/2023;DTP;31;772;9;558;15,05802314;978
06/02/2023;DTP;31;772;9;433;53,02120825;979
06/02/2023;DTP;31;726;9;300;0,305742344;980
06/02/2023;DTD;35;243;9;387;14,86558229;982
06/02/2023;DTD;35;250;9;417;76,62544164;983
06/02/2023;DTP;12;240;9;281;21,70418229;984
06/02/2023;DTP;12;241;9;281;0,912076289;985
06/02/2023;DTP;17;1022;9;2745;17,06325834;986
06/02/2023;DTP;31;886;9;386;15,26;987
06/02/2023;DTP;31;1005;9;335;13,09460979;988
06/02/2023;DTP;31;1006;9;235;0,021468285;989
06/02/2023;DTP;16;1100;9;656;3,96;990
06/02/2023;DTP;16;1049;9;307;0,333942035;991
06/02/2023;DTP;16;1049;9;346;0,876597843;992
06/02/2023;DTP;10;1303;9;1266;33,88005902;993
06/02/2023;DTP;16;1101;9;740;3,88;996
06/02/2023;DTP;12;240;9;247;0,180868186;997
06/02/2023;DTP;12;241;9;335;0,364830516;998
06/02/2023;DTP;12;250;9;329;0,689628975;999
06/02/2023;DTP;12;253;9;316;0,862591895;1000
06/02/2023;DTP;12;252;9;304;0,148959575;1001
06/02/2023;DTP;12;246;9;318;0,37113723;1002
06/02/2023;DTP;12;245;9;275;17,93653107;1003
06/02/2023;DTP;12;190;9;284;36,94343916;1004
06/02/2023;DTP;12;234;9;343;16,61211199;1005
06/02/2023;DTP;31;857;9;294;0,238992926;1007
06/02/2023;DTP;31;857;9;346;0,238992926;1008
06/02/2023;DTP;16;871;9;913;6,11;1009
06/02/2023;DTP;16;871;9;907;6,11;1010
06/02/2023;DTP;16;795;9;528;18,9;1011
06/02/2023;DTP;16;857;9;347;0,318657235;1012
06/02/2023;DTP;16;857;9;326;0,477985852;1013
06/02/2023;DTP;16;857;9;318;0,477985852;1014
06/02/2023;DTP;16;1049;9;320;10,85311615;1015
06/02/2023;DTP;16;1049;9;485;47,58674004;1016
06/02/2023;DTP;16;856;9;404;0,993185515;1017
06/02/2023;DTP;16;871;9;883;6,11;1018
06/02/2023;DTP;16;871;9;881;6,11;1019
06/02/2023;DTP;16;976;9;261;0,227236117;1020
06/02/2023;DTP;16;984;9;309;35,80488792;1021
06/02/2023;DTD;35;267;9;271;11,52551565;1022
06/02/2023;DTD;35;246;9;419;92,78430746;1023
06/02/2023;DTP;31;857;9;240;0,031865723;1024
06/02/2023;DTP;10;916;9;360;8,12;1025
06/02/2023;DTP;10;1063;9;1112;47,94880055;1026
06/02/2023;DTP;10;1041;9;533;54,29295775;1027
06/02/2023;DTP;10;1041;9;408;21,45966709;1028
06/02/2023;DTP;10;1041;9;471;32,83329065;1029
06/02/2023;DTP;10;1042;9;429;23,09000293;1030
06/02/2023;DTP;16;163;9;2561;22,80954535;1031
06/02/2023;DTP;16;905;9;300;0,3248;1032
06/02/2023;DTP;16;203;9;275;21,69700563;1033
06/02/2023;DTP;16;1122;9;337;0,07079241;1034
06/02/2023;DTP;4;1314;9;328;0,25206762;1035
06/02/2023;DTP;16;905;9;337;6,9;1037
06/02/2023;DTP;16;905;9;356;13,56;1038
06/02/2023;DTP;10;1167;9;2235;15,25225764;1039
06/02/2023;DTP;16;787;9;272;0,286636869;1042
06/02/2023;DTP;16;787;9;368;11,46547478;1043
06/02/2023;DTP;16;787;9;426;25,79731825;1044
06/02/2023;DTP;4;787;9;423;12,75534069;1045
06/02/2023;DTP;10;787;9;348;0,429955304;1046
06/02/2023;DTP;16;242;9;275;0,548106132;1047
06/02/2023;DTD;43;1304;9;459;73,06511626;1048
06/02/2023;DTP;4;857;9;337;0,350522958;1049
06/02/2023;DTP;9;806;9;329;36,36927732;1050
06/02/2023;DTP;9;805;9;316;5,78;1051
06/02/2023;DTP;10;152;9;905;62,81373492;1052
06/02/2023;DTP;10;153;9;3918;15,16480145;1053
06/02/2023;DTP;10;153;9;1598;52,60323962;1054
06/02/2023;DTP;10;154;9;2261;89,73183161;1055
06/02/2023;DTP;31;154;9;806;224,329579;1056
06/02/2023;DTP;28;1315;9;799;8,18;1057
06/02/2023;DTP;28;1315;9;777;8,16;1058
06/02/2023;DTP;10;912;9;7016;471,36;1059
06/02/2023;DTP;12;663;9;273;38,60521708;1060
06/02/2023;DTP;12;664;9;299;14,96824242;1061
06/02/2023;DTP;12;663;9;443;25,16313025;1062
06/02/2023;DTP;12;664;9;337;44,90472727;1063
06/02/2023;DTP;12;663;9;311;38,60521708;1064
06/02/2023;DTP;16;689;9;353;54,86231884;1065
06/02/2023;DTP;10;912;9;795;36,24;1066
06/02/2023;DTP;10;912;9;762;40,26;1067
06/02/2023;DTP;16;204;9;247;0,750595696;1068
06/02/2023;DTP;4;851;9;351;3,94;1069
06/02/2023;DTP;16;989;9;309;59,41905842;1070
06/02/2023;DTP;10;912;9;1475;94,68;1071
06/02/2023;DTP;29;854;9;624;76,76666667;1072
06/02/2023;DTP;29;816;9;6840;50,24653209;1073
06/02/2023;DTP;4;828;9;1245;9,56;1074
06/02/2023;DTP;29;807;9;2323;379,804878;1075
06/02/2023;DTP;5;787;9;371;0,960233513;1076
06/02/2023;DTP;4;929;9;844;37,44;1077
06/02/2023;DTP;5;931;9;246;0,087299703;1078
06/02/2023;DTP;5;946;9;259;0,119734952;1079
06/02/2023;DTP;29;944;9;598;0,792487634;1080
06/02/2023;DTP;5;796;9;275;0,237790436;1081
06/02/2023;DTP;10;852;9;847;48,92;1082
06/02/2023;DTP;29;716;9;424;0,844701178;1083
06/02/2023;DTP;29;748;9;585;199,188132;1084
06/02/2023;DTP;29;950;9;590;26,52748306;1085
06/02/2023;DTP;29;800;9;762;39,70995554;1086
06/02/2023;DTP;19;1170;9;248;0,02103458;1087
06/02/2023;DTP;29;839;9;1362;17,64;1088
06/02/2023;DTP;29;944;9;1757;396,243817;1090
06/02/2023;DTP;29;775;9;372;0,783001506;1091
06/02/2023;DTP;29;774;9;1355;35,41242394;1092
06/02/2023;DTP;29;953;9;2782;6,9;1093
06/02/2023;DTP;29;808;9;1131;3,16;1094
06/02/2023;DTP;8;1117;9;361;0,409073488;1095
06/02/2023;DTP;29;757;9;294;0,526978703;1096
06/02/2023;DTP;16;968;9;1092;85,27221598;1098
06/02/2023;DTP;29;748;9;1319;4,1;1099
06/02/2023;DTP;22;989;9;465;17,35000334;1100
06/02/2023;DTP;22;917;9;278;14,60992179;1101
06/02/2023;DTP;10;808;9;370;0,481610039;1102
06/02/2023;DTP;16;984;9;309;35,80488792;1103
06/02/2023;DTP;10;190;9;1259;779,149748;1104
06/02/2023;DTP;10;250;9;368;38,31272082;1105
06/02/2023;DTP;10;251;9;274;14,39725437;1106
06/02/2023;DTP;10;1303;9;4285;15,65202361;1107
06/02/2023;DTP;12;251;9;289;0,791848991;1108
06/02/2023;DTP;9;1074;9;352;15,58565045;1109
06/02/2023;DTP;10;1004;9;315;14,35030677;1112
06/02/2023;DTP;10;1041;9;315;12,44660691;1113
06/02/2023;DTP;10;793;9;596;31,52;1114
06/02/2023;DTP;4;748;9;474;12,01768396;1115
06/02/2023;DTP;4;767;9;558;36,01295642;1116
06/02/2023;DTP;28;747;9;10288;28,94;1119
06/02/2023;DTP;10;812;9;351;30,28332084;1120
06/02/2023;DTP;28;1120;9;4273;35,44466212;1121
06/02/2023;DTD;19;1006;9;759;10,51945971;1122
06/02/2023;DTD;19;1006;9;487;32,84647623;1123
06/02/2023;DTP;12;194;9;268;0,116615983;1124
06/02/2023;DTP;16;989;9;317;20,97143238;1125
06/02/2023;DTP;16;989;9;579;25,61238597;1126
06/02/2023;DTP;22;856;9;309;0,380368921;1131
06/02/2023;DTP;22;856;9;354;10,67146139;1132
06/02/2023;DTP;9;1074;9;359;18;1133
06/02/2023;DTP;31;773;9;2306;5;1135
06/02/2023;DTP;31;1169;9;668;24,69755757;1136
06/02/2023;DTP;22;1030;9;1149;10,4;1137
06/02/2023;DTD;41;189;9;280;12,23778774;1139
06/02/2023;DTP;10;791;9;2891;21,78;1140
06/02/2023;DTP;12;241;9;329;23,71398352;1141
06/02/2023;DTP;12;250;9;236;0,076625442;1142
06/02/2023;DTP;12;252;9;241;0,148959575;1143
06/02/2023;DTP;12;190;9;254;0,515489849;1144
06/02/2023;DTP;10;1137;9;3278;26,63744526;1146
06/02/2023;DTP;10;133;9;2333;151,885593;1147
06/02/2023;DTP;10;1163;9;304;0,139637126;1148
06/02/2023;DTP;10;742;9;1407;9,7;1149
06/02/2023;DTP;5;1156;9;342;10,91066461;1150
06/02/2023;DTP;5;838;9;273;0,068624525;1151
06/02/2023;DTP;5;838;9;1320;12,02;1152
06/02/2023;DTP;5;838;9;966;8,26;1153
06/02/2023;DTD;35;250;9;430;76,62544164;1154
06/02/2023;DTP;5;838;9;300;0,137249049;1155
06/02/2023;DTP;5;1315;9;425;40,21243523;1156
06/02/2023;DTD;35;250;9;584;24,98763249;1157
06/02/2023;DTP;5;986;9;325;22,56475512;1158
06/02/2023;DTD;35;264;9;250;0,471350448;1159
06/02/2023;DTD;35;264;9;327;0,471350448;1160
06/02/2023;DTD;35;245;9;380;89,68265534;1161
06/02/2023;DTD;35;236;9;313;199,007469;1162
06/02/2023;DTP;17;954;9;17749;97,73450563;1164
06/02/2023;DTP;12;181;9;306;12,88750094;1165
06/02/2023;DTP;29;1015;9;83282;89,41221856;1166
06/02/2023;DTP;9;775;9;648;2,64;1167
06/02/2023;DTP;4;787;9;1914;12,22;1168
06/02/2023;DTP;10;885;9;854;68,42961403;1170
06/02/2023;DTP;10;885;9;771;514,737136;1171
06/02/2023;DTP;10;886;9;1333;120,26;1172
06/02/2023;DTD;35;240;9;515;19,08681857;1173
06/02/2023;DTD;35;245;9;376;89,68265534;1174
06/02/2023;DTP;10;1136;9;314;0,34386189;1175
06/02/2023;DTP;18;875;9;524;0,364275879;1176
06/02/2023;DTD;19;939;9;765;7,66;1179
06/02/2023;DTD;19;910;9;822;15,44;1180
06/02/2023;DTD;19;910;9;802;15,4;1181
06/02/2023;DTD;19;910;9;576;9,96;1182
06/02/2023;DTD;19;939;9;716;7,1;1183
06/02/2023;DTP;10;1070;9;464;0,753152942;1184
06/02/2023;DTP;23;245;9;311;0,358730621;1185
06/02/2023;DTP;23;250;9;266;0,306501767;1186
06/02/2023;DTP;23;251;9;292;0,575890175;1187
06/02/2023;DTP;23;252;9;318;14,89595753;1188
06/02/2023;DTP;22;989;9;478;14,45666911;1189
06/02/2023;DTP;22;813;9;841;28,26333923;1190
06/02/2023;DTP;22;917;9;245;0,243498697;1201
06/02/2023;DTP;16;250;9;654;25,28639574;1202
06/02/2023;DTP;10;794;9;322;271,171998;1211
06/02/2023;DTP;10;953;9;340;0,33071269;1212
06/02/2023;DTD;35;238;9;271;22,88931824;1215
06/02/2023;DTD;35;248;9;294;21,45243155;1216
06/02/2023;DTD;35;246;9;366;46,39215373;1217
06/02/2023;DTD;35;237;9;264;21,92037358;1218
06/02/2023;DTP;17;837;9;10274;55,19491837;1220
06/02/2023;DTD;19;1017;9;503;39,62467728;1221
06/02/2023;DTD;19;778;9;692;155,513183;1222
06/02/2023;DTP;12;953;9;1697;47,62262741;1223
06/02/2023;DTP;31;944;9;1320;28,00122974;1224
06/02/2023;DTP;9;949;9;5250;14,52;1225
06/02/2023;DTP;9;953;9;5263;15,53563452;1226
06/02/2023;DTP;9;936;9;481;17,21779677;1227
06/02/2023;DTD;19;985;9;301;28,29774607;1228
06/02/2023;DTP;18;747;9;4327;11,62;1229
06/02/2023;DTP;17;954;9;2799;13,96207223;1230
06/02/2023;DTP;10;856;9;1854;14,14;1231
06/02/2023;DTP;10;907;9;493;45,56127963;1232
06/02/2023;DTP;10;938;9;1287;15,76;1233
06/02/2023;DTD;19;1006;9;1114;16,14;1234
06/02/2023;DTD;19;1006;9;861;13,04;1235
06/02/2023;DTD;42;1069;9;20307;31,86;1236
06/02/2023;DTP;31;949;9;1506;4,56;1237
06/02/2023;DTP;31;944;9;1408;29,58620501;1238
06/02/2023;DTP;10;934;9;558;3,3;1239
06/02/2023;DTD;35;235;9;313;1066,02158;1240
06/02/2023;DTD;35;246;9;573;26,83529224;1241
06/02/2023;DTP;10;856;9;419;10,56580335;1243
06/02/2023;DTP;10;938;9;432;15,53710056;1244
06/02/2023;DTD;42;1137;9;1333;88,79148422;1246
06/02/2023;DTD;42;1136;9;534;19,46388058;1247
06/02/2023;DTD;42;1154;9;533;98,06543088;1248
06/02/2023;DTD;42;1153;9;486;88,38863436;1249
06/02/2023;DTD;35;241;9;339;36,48305158;1253
06/02/2023;DTD;35;239;9;457;17,61796987;1254
06/02/2023;DTD;35;245;9;392;89,68265534;1255
06/02/2023;DTD;35;241;9;279;18,24152579;1256
06/02/2023;DTP;28;1070;9;485;0,941441177;1257
06/02/2023;DTP;28;1070;9;754;18,82882354;1258
06/02/2023;DTP;28;1154;9;901;27,41962926;1259
06/02/2023;DTP;30;744;9;670;64,36571429;1260
06/02/2023;DTP;30;944;9;732;12,94396469;1261
06/02/2023;DTP;10;839;9;5373;79,08;1265
06/02/2023;DTD;35;246;9;339;46,39215373;1268
06/02/2023;DTP;5;712;9;439;10,51704394;1269
06/02/2023;DTP;5;1055;9;367;10912;1270
06/02/2023;DTP;5;872;9;902;9,34;1271
06/02/2023;DTP;5;856;9;336;0,950922302;1272
06/02/2023;DTP;5;794;9;395;12,65469324;1273
06/02/2023;DTP;5;794;9;328;54,23439959;1274
06/02/2023;DTP;5;246;9;331;46,39215373;1275
06/02/2023;DTD;19;794;9;371;1020,844258;1278
06/02/2023;CRF;1;634;9;798;14,3;1279
06/02/2023;CRF;1;633;9;1320;16,4;1280
06/02/2023;CRF;1;616;9;2066;369,12;1281
06/02/2023;DTD;19;794;9;484;17,89735187;1282
06/02/2023;DTD;19;794;9;408;12,20844258;1283
06/02/2023;CRF;1;619;9;2972;508,68;1284
06/02/2023;CRF;1;615;9;3927;619,88;1285
06/02/2023;DTP;16;176;9;248;0,507680982;1286
06/02/2023;DTP;29;838;9;658;480,371672;1287
06/02/2023;DTD;19;794;9;607;261,171998;1288
06/02/2023;DTD;19;1104;9;3213;38,69200963;1289
06/02/2023;DTD;19;934;9;513;27,33489613;1290
06/02/2023;DTD;19;934;9;744;3,92;1291
06/02/2023;DTD;19;976;9;307;0,522643069;1292
06/02/2023;DTD;19;976;9;957;10,86;1293
06/02/2023;DTP;12;240;9;265;0,180868186;1294
06/02/2023;DTP;12;252;9;297;0,223439363;1295
06/02/2023;DTP;12;246;9;263;16,70117534;1296
06/02/2023;DTP;12;190;9;302;0,085914975;1297
06/02/2023;DTP;12;251;9;260;0,215958816;1298
06/02/2023;DTP;10;590;9;281;48,55578047;1299
06/02/2023;DTP;17;841;9;4325;0,819099487;1300
06/02/2023;DTP;16;690;9;318;6,1;1301
06/02/2023;DTP;16;690;9;292;11,4;1302
06/02/2023;DTP;16;690;9;336;6,1;1303
06/02/2023;DTD;35;234;9;297;19,54366116;1304
06/02/2023;DTD;35;252;9;1800;10,67196814;1305
06/02/2023;DTD;35;242;9;384;91,35102208;1306
06/02/2023;DTD;35;251;9;1052;625,890175;1307
06/02/2023;DTD;35;252;9;1827;12,07196814;1308
06/02/2023;DTP;9;805;9;323;0,736690647;1309
06/02/2023;DTP;9;838;9;288;0,096074334;1310
06/02/2023;DTP;10;932;9;1243;88,45369802;1311
06/02/2023;DTP;31;953;9;6233;15,86;1312
06/02/2023;DTP;16;976;9;343;22,72361169;1313
06/02/2023;DTP;16;734;9;250;0,065979503;1314
06/02/2023;DTP;16;734;9;334;0,065979503;1315
06/02/2023;DTP;16;734;9;241;0,065979503;1316
06/02/2023;DTP;16;734;9;243;0,065979503;1317
06/02/2023;DTP;16;734;9;331;0,065979503;1318
06/02/2023;DTP;4;828;9;316;0,338198673;1319
06/02/2023;DTP;4;794;9;829;4819,5333;1320
06/02/2023;DTP;10;252;9;1294;71,47978763;1321
06/02/2023;DTP;16;984;9;417;12,34651308;1322
06/02/2023;DTP;29;788;9;317;0,409636481;1323
06/02/2023;DTP;29;996;9;269;13,15102666;1326
06/02/2023;DTP;29;911;9;486;16,38;1327
06/02/2023;DTP;17;960;9;20304;98,15005714;1328
06/02/2023;CRF;6;1027;9;3296;13,37193069;1329
06/02/2023;CRF;6;1027;9;9286;40,11579207;1331
06/02/2023;CRF;6;1027;9;18308;80,23158413;1332
06/02/2023;CRF;6;1027;9;18329;80,23158413;1333
06/02/2023;DTP;29;816;9;11123;78,49432524;1335
06/02/2023;DTP;10;746;9;8260;12,98;1336
06/02/2023;DTP;19;1003;9;532;5,86;1337
06/02/2023;DTP;19;1004;9;752;85,71916576;1338
06/02/2023;DTP;31;770;9;683;63,96880734;1339
06/02/2023;DTP;4;1120;9;692;42,48135164;1340
06/02/2023;DTD;35;239;9;384;88,08984935;1342
06/02/2023;DTP;5;1066;9;1583;25,4;1344
06/02/2023;DTP;5;1065;9;1010;14,32;1345
06/02/2023;DTP;5;1066;9;1303;21,94;1346
06/02/2023;DTP;5;748;9;1408;4,52;1347
06/02/2023;DTP;5;767;9;796;6,62;1348
06/02/2023;DTP;5;1066;9;1266;20,2;1349
06/02/2023;DTP;5;1066;9;1416;20,64;1350
06/02/2023;DTP;5;1065;9;497;4,12;1351
06/02/2023;DTP;5;1065;9;456;4,1;1352
06/02/2023;DTP;5;1065;9;447;4,14;1353
06/02/2023;DTP;5;1065;9;481;4,14;1354
06/02/2023;DTP;5;1065;9;452;8,32;1355
06/02/2023;DTP;5;746;9;2257;45,96727273;1356
06/02/2023;DTP;5;839;9;1390;17,6;1357
06/02/2023;DTP;5;799;9;1256;88,25303743;1358
06/02/2023;DTP;5;787;9;447;28,66368695;1359
06/02/2023;DTP;5;872;9;338;0,887460629;1360
06/02/2023;DTP;5;799;9;408;14,12048599;1361
06/02/2023;DTP;5;799;9;503;17,65060749;1362
06/02/2023;DTP;5;872;9;516;484,069434;1363
06/02/2023;DTP;5;788;9;283;0,409636481;1364
06/02/2023;DTP;5;949;9;3019;9,26;1365
06/02/2023;DTP;5;799;9;1035;5,72;1366
06/02/2023;DTP;5;839;9;1028;10,79572016;1367
06/02/2023;DTP;5;949;9;355;0,148725173;1368
06/02/2023;DTP;5;814;9;30280;394,54;1369
06/02/2023;DTP;5;814;9;30314;382,04;1370
06/02/2023;DTP;5;966;9;263;0,019798238;1371
06/02/2023;DTP;5;1049;9;313;0,52178443;1372
06/02/2023;DTP;5;862;9;358;3,76;1373
06/02/2023;DTP;5;748;9;479;132,792088;1374
06/02/2023;DTP;5;759;9;296;0,584137931;1375
06/02/2023;DTP;5;251;9;664;27,19519516;1376
06/02/2023;DTP;5;966;9;344;0,019798238;1377
06/02/2023;DTP;5;1052;9;407;2,16;1378
06/02/2023;DTP;5;748;9;418;0,66396044;1379
06/02/2023;DTP;5;866;9;496;7,42;1380
06/02/2023;DTP;5;791;9;369;0,619603626;1381
06/02/2023;DTP;5;931;9;341;34,04688427;1382
06/02/2023;DTP;5;931;9;292;26,18991098;1383
06/02/2023;DTP;5;748;9;385;0,66396044;1384
06/02/2023;DTP;5;866;9;823;13,98;1385
06/02/2023;DTP;5;844;9;569;25,3;1386
06/02/2023;DTP;5;774;9;381;0,321931127;1387
06/02/2023;DTP;5;953;9;508;0,661425381;1388
06/02/2023;DTP;5;856;9;311;0,528290168;1389
06/02/2023;DTP;5;952;9;449;0,867452935;1390
06/02/2023;DTP;5;1314;9;347;2,08;1391
06/02/2023;DTP;5;261;9;286;0,818904958;1392
06/02/2023;DTP;5;916;9;319;0,86017192;1393
06/02/2023;DTP;28;1073;9;1257;19,12;1394
06/02/2023;DTP;28;1073;9;1314;19,41643624;1395
06/02/2023;DTP;28;1073;9;1304;19,41643624;1396
06/02/2023;DTP;28;868;9;1326;88,54927351;1397
06/02/2023;DTP;28;1073;9;1243;20,41643624;1398
06/02/2023;DTP;28;781;9;492;2,84;1399
06/02/2023;DTD;19;989;9;483;14,11690751;1401
06/02/2023;DTP;31;716;9;407;0,844701178;1402
06/02/2023;DTP;9;812;9;464;14,14166042;1403
06/02/2023;DTP;10;812;9;1253;70,62;1404
06/02/2023;DTP;9;830;9;251;0,148362517;1405
06/02/2023;DTP;5;839;9;691;58,97860082;1406
06/02/2023;DTP;5;839;9;631;58,97860082;1407
06/02/2023;DTP;5;799;9;1310;88,25303743;1408
06/02/2023;DTP;5;814;9;30286;358,44;1409
06/02/2023;DTP;5;845;9;579;39,2;1410
06/02/2023;DTP;5;845;9;641;33,32;1411
06/02/2023;DTP;5;787;9;413;14,33184347;1412
06/02/2023;DTP;5;774;9;425;0,296176637;1413
06/02/2023;DTP;5;774;9;653;13,26356242;1414
06/02/2023;DTP;5;787;9;486;3,1;1415
06/02/2023;DTP;5;788;9;336;0,409636481;1416
06/02/2023;DTP;5;252;9;783;34,23989382;1417
06/02/2023;DTP;5;966;9;346;0,059394714;1418
06/02/2023;DTP;5;1055;9;413;43,648;1419
06/02/2023;DTP;31;1299;9;694;14,19705116;1420
06/02/2023;DTP;31;1304;9;770;15,45610726;1421
06/02/2023;DTP;31;1303;9;1250;36,88005902;1422
06/02/2023;DTP;5;986;9;319;11,28237756;1423
06/02/2023;DTP;5;251;9;794;35,99313594;1424
06/02/2023;DTD;19;985;9;372;8,78;1425
06/02/2023;DTP;16;1049;9;408;30,05478318;1426
06/02/2023;DTP;16;1049;9;337;15,86224668;1427
06/02/2023;DTP;16;1049;9;402;19,20166703;1428
06/02/2023;DTP;16;1049;9;302;0,459170299;1429
06/02/2023;DTP;16;1049;9;277;0,500913053;1430
06/02/2023;DTP;16;1049;9;424;19,61909458;1431
06/02/2023;DTP;16;856;9;373;11,93935779;1432
06/02/2023;DTP;16;1049;9;321;13,77510896;1433
06/02/2023;DTP;16;856;9;426;10,56580335;1434
06/02/2023;DTP;16;1049;9;332;141,925365;1435
06/02/2023;DTP;16;857;9;402;0,63731447;1436
06/02/2023;DTP;16;1049;9;331;15,86224668;1437
06/02/2023;DTP;12;241;9;294;14,59322063;1438
06/02/2023;DTP;12;252;9;303;11,91676602;1439
06/02/2023;DTP;12;245;9;352;21,52383728;1440
06/02/2023;DTP;12;190;9;283;0,859149748;1441
06/02/2023;DTP;12;236;9;315;0,099503734;1442
06/02/2023;DTP;12;251;9;289;0,143972544;1443
06/02/2023;DTP;10;793;9;881;60,46;1444
06/02/2023;DTP;10;1122;9;380;17,69810252;1445
06/02/2023;DTP;10;932;9;437;177,791933;1446
06/02/2023;DTD;43;1304;9;1558;41,14026816;1447
06/02/2023;DTP;5;844;9;986;67,52;1448
06/02/2023;DTP;5;845;9;421;16,64;1449
06/02/2023;DTP;5;769;9;1342;12,38;1450
06/02/2023;DTP;16;689;9;405;35,40362319;1451
06/02/2023;DTP;5;815;9;8709;110,48;1454
06/02/2023;DTP;5;1315;9;338;17,87219344;1455
06/02/2023;DTP;17;941;9;49257;26,68;1456
06/02/2023;DTP;17;941;9;94817;45;1457
06/02/2023;DTP;17;941;9;21318;10,46873563;1458
06/02/2023;DTP;17;941;9;42248;24,62;1459
06/02/2023;DTP;17;930;9;17832;81,39063495;1460
06/02/2023;DTP;17;930;9;10826;48,83438097;1461
06/02/2023;DTP;17;930;9;3796;16,27812699;1462
06/02/2023;DTP;17;930;9;17808;81,39063495;1463
06/02/2023;DTP;17;841;9;8253;16,38198974;1464
06/02/2023;DTD;40;687;9;319;6,4;1465
06/02/2023;DTP;16;1093;9;734;14,59975417;1466
06/02/2023;DTP;16;774;9;339;0,321931127;1467
06/02/2023;DTP;5;815;9;15237;172,18;1468
06/02/2023;DTP;16;857;9;373;0,477985852;1469
06/02/2023;DTP;16;1049;9;621;72,84110646;1470
06/02/2023;DTP;16;871;9;929;6,11;1471
06/02/2023;DTP;17;930;9;31772;13,65031429;1472
06/02/2023;DTP;9;1297;9;502;47,91618431;1474
06/02/2023;DTP;9;1297;9;422;25,15599676;1475
06/02/2023;DTP;13;246;9;330;49,17568295;1495
22/01/2023;DTP;13;251;9;311;115,178035;1496
06/02/2023;DTP;13;255;9;327;61,94772396;1497
;;;;;;;
;;;;;;;
;;;;;;;
;;;;;;;
;;;;;;;
;;;;;;;
;;;;;;;
;;;;;;;
;;;;;;;
;;;;;;;
;;;;;;;
;;;;;;;
;;;;;;;
;;;;;;;
;;;;;;;
;;;;;;;
;;;;;;;
;;;;;;;
